<?xml version="1.0" encoding="UTF-8"?>
<model xmlns="http://www.alfresco.org/model/dictionary/1.0" name="evws:evws">
    <description>Modelo para almacenar los comprobantes electrónicos del sistema WSFE.</description>
    <author>Angel Miguel Loor Manzano</author>
    <imports>
        <import uri="http://www.alfresco.org/model/content/1.0" prefix="cm"/>
        <import uri="http://www.alfresco.org/model/dictionary/1.0" prefix="d"/>
    </imports>
    <namespaces>
        <namespace uri="evws" prefix="evws"/>
    </namespaces>
    <data-types/>
    <constraints/>
    <types>
        <type name="evws:Voucher">
            <title>Tipo para los comprobantes electrónicos</title>
            <description>Tipo para los comprobantes electrónicos</description>
            <parent>cm:content</parent>
            <properties>
                <property name="evws:type_voucher">
                    <title>Código de documento del comprobante</title>
                    <description>Código de documento del comprobante</description>
                    <type>d:text</type>
                    <mandatory>false</mandatory>
                    <index enabled="true">
                        <tokenised>TRUE</tokenised>
                        <facetable>false</facetable>
                    </index>
                </property>
                <property name="evws:id_institution">
                    <title>Id de la Institución del comprobante</title>
                    <description>Id de la Institución del comprobante</description>
                    <type>d:text</type>
                    <mandatory>false</mandatory>
                    <index enabled="true">
                        <tokenised>TRUE</tokenised>
                        <facetable>false</facetable>
                    </index>
                </property>
                <property name="evws:access_key_voucher">
                    <title>Clave de acceso del comprobante</title>
                    <description>Clave de acceso del comprobante</description>
                    <type>d:text</type>
                    <mandatory>false</mandatory>
                    <index enabled="true">
                        <tokenised>TRUE</tokenised>
                        <facetable>false</facetable>
                    </index>
                </property>
                <property name="evws:buyer_identifier_voucher">
                    <title>Identificador del comprador</title>
                    <description>Identificador del comprador</description>
                    <type>d:text</type>
                    <mandatory>false</mandatory>
                    <index enabled="true">
                        <tokenised>TRUE</tokenised>
                        <facetable>false</facetable>
                    </index>
                </property>
                <property name="evws:totalConImpuestos">
                    <title>Total con impuestos del comprobante</title>
                    <description>Total con impuestos del comprobante</description>
                    <type>d:text</type>
                    <mandatory>false</mandatory>
                    <index enabled="true">
                        <tokenised>TRUE</tokenised>
                        <facetable>false</facetable>
                    </index>
                </property>
                <property name="evws:emission_date_voucher">
                    <title>Fecha emisión del comprobante</title>
                    <description>Fecha emisión del comprobante</description>
                    <type>d:date</type>
                    <mandatory>false</mandatory>
                    <index enabled="true">
                        <tokenised>TRUE</tokenised>
                    </index>
                </property>
                <property name="evws:internal_status_voucher">
                    <title>Estado del comprobante</title>
                    <description>Estado del comprobante</description>
                    <type>d:text</type>
                    <mandatory>false</mandatory>
                    <index enabled="true">
                        <tokenised>TRUE</tokenised>
                        <facetable>false</facetable>
                    </index>
                </property>
            </properties>
            <associations/>
            <overrides/>
            <mandatory-aspects/>
        </type>
    </types>
    <aspects/>
</model>